{"cameraMode":{"drawMode":0,"name":"Shaded","section":"Shading Mode"},"sceneLighting":false,"audioPlay":false,"sceneViewState":{"showFog":false,"showMaterialUpdate":false,"showSkybox":false,"showFlares":false,"showImageEffects":false,"showParticleSystems":true},"in2DMode":false,"pivot":{"x":-8.00065803527832,"y":2.4931087493896486,"z":19.374034881591798},"rotation":{"x":0.3408631384372711,"y":-0.524307370185852,"z":0.2407762110233307,"w":0.7422540187835693},"size":32.694095611572269,"orthographic":false}